SET @firstUserId = nextval('user_id_seq');
SET @secondUserId = nextval('user_id_seq');
SET @firstItemId = nextval('item_id_seq');
SET @secondItemId = nextval('item_id_seq');
SET @thirdItemId = nextval('item_id_seq');
SET @fourthItemId = nextval('item_id_seq');
SET @firstSupplierId = nextval('supplier_id_seq');
SET @secondSupplierId = nextval('supplier_id_seq');
INSERT INTO USERS (id, username, password, role) VALUES (@firstUserId, 'Jeremy', '$2a$12$w6xaPy5/YOSK8QTZWVl56O3bzpiSg1MY2ZrZmRnRSJdCJPSV7NfVK', 'ADMIN');
INSERT INTO USERS (id, username, password, role) VALUES (@secondUserId, 'Daniel', '$2a$12$U4uQAgcByQLr2ac44DdkK.ckq3W0b32olZEbONs7ccZd.YaH2miOO', 'USER');
INSERT INTO items (id, itemcode, description, price, state, creationdate, creator) VALUES (@firstItemId, 1, 'test1', 5.0, 'ACTIVE', '2023-05-19', @firstUserId);
INSERT INTO items (id, itemcode, description, price, state, creationdate, creator) VALUES (@secondItemId, 2, 'test2', 10.0, 'DISCONTINUED', '2023-05-19', @secondUserId);
INSERT INTO items (id, itemcode, description, price, state, creationdate, creator) VALUES (@thirdItemId, 3, 'test3', 7.0, 'ACTIVE', '2023-05-19', @firstUserId);
INSERT INTO items (id, itemcode, description, price, state, creationdate, creator) VALUES (@fourthItemId, 4, 'test4', 2.0, 'ACTIVE', '2023-05-19', @firstUserId);
INSERT INTO suppliers (id, name, country) VALUES (@firstSupplierId, 'testSupplier', 'Spain');
INSERT INTO suppliers (id, name, country) VALUES (@secondSupplierId, 'otroSupplier', 'Spain');
INSERT INTO items_suppliers (item_id, supplier_id) VALUES (@firstItemId, @firstSupplierId);
INSERT INTO items_suppliers (item_id, supplier_id) VALUES (@firstItemId, @secondSupplierId);
INSERT INTO items_suppliers (item_id, supplier_id) VALUES (@thirdItemId, @firstSupplierId);
INSERT INTO items_suppliers (item_id, supplier_id) VALUES (@fourthItemId, @secondSupplierId);