SET @firstUserId = nextval('user_id_seq');
SET @secondUserId = nextval('user_id_seq');
SET @firstItemId = nextval('item_id_seq');
SET @secondItemId = nextval('item_id_seq');
SET @thirdItemId = nextval('item_id_seq');
SET @fourthItemId = nextval('item_id_seq');
SET @firstSupplierId = nextval('supplier_id_seq');
SET @secondSupplierId = nextval('supplier_id_seq');
SET @firstPriceReductionId = nextval('pricereduction_id_seq');
SET @secondPriceReductionId = nextval('pricereduction_id_seq');
INSERT INTO USERS (id, username, password, role) VALUES (@firstUserId, 'Jeremy', '$2a$12$w6xaPy5/YOSK8QTZWVl56O3bzpiSg1MY2ZrZmRnRSJdCJPSV7NfVK', 'ADMIN');
INSERT INTO USERS (id, username, password, role) VALUES (@secondUserId, 'Daniel', '$2a$12$U4uQAgcByQLr2ac44DdkK.ckq3W0b32olZEbONs7ccZd.YaH2miOO', 'USER');
INSERT INTO items (id, itemcode, description, price, state, creationdate, creator) VALUES (@firstItemId, 1, 'First item', 5.0, 'ACTIVE', '2023-05-19', @firstUserId);
INSERT INTO items (id, itemcode, description, price, state, creationdate, creator) VALUES (@secondItemId, 2, 'Second item', 10.0, 'DISCONTINUED', '2023-02-10', @secondUserId);
INSERT INTO items (id, itemcode, description, price, state, creationdate, creator) VALUES (@thirdItemId, 3, 'Third item', 7.0, 'ACTIVE', '2023-05-20', @firstUserId);
INSERT INTO items (id, itemcode, description, price, state, creationdate, creator) VALUES (@fourthItemId, 4, 'Fourth item', 2.0, 'ACTIVE', '2023-05-24', @firstUserId);
INSERT INTO suppliers (id, name, country) VALUES (@firstSupplierId, 'First Supplier', 'Spain');
INSERT INTO suppliers (id, name, country) VALUES (@secondSupplierId, 'Second Supplier', 'Spain');
INSERT INTO pricereduction (id, reducedPrice, startdate, enddate) VALUES (@firstPriceReductionId, 3.0, '2023-05-10', '2023-05-20');
INSERT INTO pricereduction (id, reducedPrice, startdate, enddate) VALUES (@secondPriceReductionId, 1.0, '2023-05-21', '2023-05-25');
INSERT INTO items_suppliers (item_id, supplier_id) VALUES (@firstItemId, @firstSupplierId);
INSERT INTO items_suppliers (item_id, supplier_id) VALUES (@firstItemId, @secondSupplierId);
INSERT INTO items_suppliers (item_id, supplier_id) VALUES (@thirdItemId, @firstSupplierId);
INSERT INTO items_suppliers (item_id, supplier_id) VALUES (@fourthItemId, @secondSupplierId);
INSERT INTO items_pricereductions (item_id, pricereduction_id) VALUES (@firstItemId, @firstPriceReductionId);
INSERT INTO items_pricereductions (item_id, pricereduction_id) VALUES (@firstItemId, @secondPriceReductionId);
INSERT INTO items_pricereductions (item_id, pricereduction_id) VALUES (@thirdItemId, @secondPriceReductionId);